corruption,severity,arch,dice_mean
noise,0.0,sea,0.4256787397478745
noise,0.05,sea,0.4250539508104472
noise,0.1,sea,0.4223936313549449
noise,0.2,sea,0.41011993500571803
blur,0.0,sea,0.4256787397478745
blur,0.5,sea,0.4060261102092244
blur,1.0,sea,0.29876678861232064
